"","paperName","researcher","journal","citations","year"
"1","how much should we trust differencesindifferences estimates","M BERTRAND, E DUFLO, S MULLAINATHAN","The Quarterly journal of economics 119 (1), 249-275, 2004",8865,2004
"2","poor economics radical rethinking of way to fight global poverty","AV BANERJEE, A BANERJEE, E DUFLO","Public Affairs, 2011",2911,2011
"3","schooling labor market consequences of school construction indonesia evidence from unusual policy experiment","E DUFLO","American economic review 91 (4), 795-813, 2001",1935,2001
"4","miracle of microfinance evidence from randomized evaluation","A BANERJEE, E DUFLO, R GLENNERSTER, C KINNAN","American Economic Journal: Applied Economics 7 (1), 22-53, 2015",1879,2015
"5","grandmothers granddaughters oldage pensions intrahousehold allocation south africa","E DUFLO","The World Bank Economic Review 17 (1), 1-25, 2003",1830,2003
"6","economic lives of poor","AV BANERJEE, E DUFLO","Journal of economic perspectives 21 (1), 141-168, 2007",1800,2007
"7","women as policy makers evidence from randomized policy experiment india","R CHATTOPADHYAY, E DUFLO","Econometrica 72 (5), 1409-1443, 2004",1703,2004
"8","women empowerment economic development","E DUFLO","Journal of Economic literature 50 (4), 1051-79, 2012",1519,2012
"9","using randomization development economics research toolkit","E DUFLO, R GLENNERSTER, M KREMER","Handbook of development economics 4, 3895-3962, 2007",1470,2007
"10","inequality growth what cdatsay","AV BANERJEE, E DUFLO","Journal of economic growth 8 (3), 267-299, 2003",1399,2003
"11","role of information social interactions retirement pldecisions evidence from randomized experiment","E DUFLO, E SAEZ","The Quarterly journal of economics 118 (3), 815-842, 2003",1368,2003
"12","remedying education evidence from two randomized experiments india","AV BANERJEE, S COLE, E DUFLO, L LINDEN","The Quarterly Journal of Economics 122 (3), 1235-1264, 2007",1297,2007
"13","growth theory through lens of development economics","AV BANERJEE, E DUFLO","Handbook of economic growth 1, 473-552, 2005",1158,2005
"14","nudging farmers to use fertilizer theory experimental evidence from kenya","E DUFLO, M KREMER, J ROBINSON","American economic review 101 (6), 2350-90, 2011",1008,2011
"15","railroads of raj estimating impact of transportation infrastructure","D DONALDSON","American Economic Review 108 (4-5), 899-934, 2018",975,2018
"16","diffusion of microfinance","A BANERJEE, AG CHANDRASEKHAR, E DUFLO, MO JACKSON","Science 341 (6144), 1236498, 2013",884,2013
"17","peer effects teacher incentives impact of tracking evidence from randomized evaluation kenya","E DUFLO, P DUPAS, M KREMER","American Economic Review 101 (5), 1739-74, 2011",837,2011
"18","powerful women does exposure reduce bias","L BEAMAN, R CHATTOPADHYAY, E DUFLO, R PANDE, P TOPALOVA","The Quarterly journal of economics 124 (4), 1497-1540, 2009",820,2009
"19","what is middle class about middle classes around world","AV BANERJEE, E DUFLO","Journal of economic perspectives 22 (2), 3-28, 2008",740,2008
"20","do firms want to borrow more testing credit constraints using directed lending program","AV BANERJEE, E DUFLO","Review of Economic Studies 81 (2), 572-607, 2014",719,2014
"21","participation investment decisions retirement plan influence of colleagues choices","E DUFLO, E SAEZ","Journal of public Economics 85 (1), 121-148, 2002",711,2002
"22","intrahousehold resource allocation cote divoire social norms separate accounts consumption choices","E DUFLO, C UDRY","National Bureau of Economic Research, 2004",694,2004
"23","reputation effects limits of contracting study of indisoftware industry","AV BANERJEE, E DUFLO","The Quarterly Journal of Economics 115 (3), 989-1017, 2000",683,2000
"24","female leadership raises aspirations educational attainment for girls policy experiment india","L BEAMAN, E DUFLO, R PANDE, P TOPALOVA","science 335 (6068), 582-586, 2012",642,2012
"25","incentives work getting teachers to come to school","E DUFLO, R HANNA, SP RYAN","American Economic Review 102 (4), 1241-78, 2012",638,2012
"26","on road access to transportation infrastructure economic growth china","A BANERJEE, E DUFLO, N QIAN","National Bureau of Economic Research, 2012",589,2012
"27","experimental approach to development economics","AV BANERJEE, E DUFLO","Annu. Rev. Econ. 1 (1), 151-178, 2009",552,2009
"28","dams","E DUFLO, R PANDE","The Quarterly Journal of Economics 122 (2), 601-646, 2007",549,2007
"29","how high are rates of return to fertilizer evidence from field experiments kenya","E DUFLO, M KREMER, J ROBINSON","American economic review 98 (2), 482-88, 2008",530,2008
"30","pitfalls of participatory programs evidence from randomized evaluation education india","AV BANERJEE, R BANERJI, E DUFLO, R GLENNERSTER, S KHEMANI","American Economic Journal: Economic Policy 2 (1), 1-30, 2010",526,2010
"31","multifaceted program causes lasting progress for very poor evidence from six countries","A BANERJEE, E DUFLO, N GOLDBERG, D KARLAN, R OSEI, W PARIENTÉ, J SHAPIRO, ...","Science 348 (6236), 1260799, 2015",505,2015
"32","use of randomization evaluation of development effectiveness","E DUFLO, M KREMER","Evaluating development effectiveness 7, 205-231, 2005",502,2005
"33","child health household resources south africa evidence from old age pension program","E DUFLO","American Economic Review 90 (2), 393-398, 2000",457,2000
"34","do labor market policies have displacement effects evidence from clustered randomized experiment","B CRÉPON, E DUFLO, M GURGAND, R RATHELOT, P ZAMORA","The quarterly journal of economics 128 (2), 531-580, 2013",434,2013
"35","impact of education on fertility child mortality do fathers really matter less thmothers","L BREIEROVA, E DUFLO","National bureau of economic research, 2004",412,2004
"36","addressing absence","A BANERJEE, E DUFLO","Journal of Economic perspectives 20 (1), 117-132, 2006",388,2006
"37","monitoring works getting teachers to come to school","E DUFLO, R HANNA","National Bureau of Economic Research, 2005",381,2005
"38","saving incentives for lowmiddleincome families evidence from field experiment with hr block","E DUFLO, W GALE, J LIEBMAN, P ORSZAG, E SAEZ","The Quarterly Journal of Economics 121 (4), 1311-1346, 2006",378,2006
"39","improving immunisation coverage rural india clustered randomised controlled evaluation of immunisation campaigns with without incentives","AV BANERJEE, E DUFLO, R GLENNERSTER, D KOTHARI","Bmj 340, c2220, 2010",363,2010
"40","happiness on tap piped water adoption urbmorocco","F DEVOTO, E DUFLO, P DUPAS, W PARIENTÉ, V PONS","American Economic Journal: Economic Policy 4 (4), 68-99, 2012",356,2012
"41","wealth health health services rural rajasthan","A BANERJEE, A DEATON, E DUFLO","American Economic Review 94 (2), 326-330, 2004",340,2004
"42","estimating impact of microcredit on those who take it up evidence from randomized experiment morocco","B CRÉPON, F DEVOTO, E DUFLO, W PARIENTÉ","American Economic Journal: Applied Economics 7 (1), 123-50, 2015",319,2015
"43","education hiv early fertility experimental evidence from kenya","E DUFLO, P DUPAS, M KREMER","American Economic Review 105 (9), 2757-97, 2015",309,2015
"44","school governance teacher incentives pupilteacher ratios experimental evidence from kenyprimary schools","E DUFLO, P DUPAS, M KREMER","Journal of Public Economics 123, 92-110, 2015",304,2015
"45","up smoke influence of household behavior on longrun impact of improved cooking stoves","R HANNA, E DUFLO, M GREENSTONE","American Economic Journal: Economic Policy 8 (1), 80-114, 2016",302,2016
"46","field experiments on discrimination","M BERTRAND, E DUFLO","Handbook of economic field experiments 1, 309-393, 2017",283,2017
"47","turning shove into nudge a labeled cash transfer for education","N BENHASSINE, F DEVOTO, E DUFLO, P DUPAS, V POULIQUEN","American Economic Journal: Economic Policy 7 (3), 86-125, 2015",278,2015
"48","impact of microcredit rural areas of morocco evidence from randomized evaluation","B CRÉPON, F DEVOTO, E DUFLO, W PARIENTÉ","MIT Working paper, 2011",268,2011
"49","putting bandaid on corpse incentives for nurses indipublic health care system","AV BANERJEE, E DUFLO, R GLENNERSTER","Journal of the European Economic Association 6 (2-3), 487-500, 2008",265,2008
"50","education hivaids prevention evidence from randomized evaluation western kenya","E DUFLO, P DUPAS, M KREMER, S SINEI","The World Bank, 2006",250,2006
"51","marketization of household production euus gap work","RB FREEMAN, R SCHETTKAT","Economic policy 20 (41), 6-50, 2005",245,2005
"52","longrun health impacts of income shocks wine phylloxernineteenthcentury france","A BANERJEE, E DUFLO, G POSTEL-VINAY, T WATTS","The Review of Economics and Statistics 92 (4), 714-728, 2010",241,2010
"53","marry for what caste mate selection modern india","A BANERJEE, E DUFLO, M GHATAK, J LAFORTUNE","American Economic Journal: Microeconomics 5 (2), 33-72, 2013",233,2013
"54","health care delivery rural rajasthan","A BANERJEE, A DEATON, E DUFLO","Economic and Political Weekly, 944-949, 2004",233,2004
"55","impact of reservation panchayati raj evidence from nationwide randomised experiment","R CHATTOPADHYAY, E DUFLO","Economic and political Weekly, 979-986, 2004",229,2004
"56","doubledebiased machine learning for treatment structural parameters","V CHERNOZHUKOV, D CHETVERIKOV, M DEMIRER, E DUFLO, C HANSEN, ...","The Econometrics Journal 21 (1), C1-C68, 2018",216,2018
"57","being surveyed cchange later behavior related parameter estimates","AP ZWANE, J ZINMAN, E VAN DUSEN, W PARIENTE, C NULL, E MIGUEL, ...","Proceedings of the National Academy of Sciences 108 (5), 1821-1826, 2011",216,2011
"58","poor rational","E DUFLO","Understanding poverty, 367-78, 2006",215,2006
"59","truthtelling by thirdparty auditors response of polluting firms experimental evidence from india","E DUFLO, M GREENSTONE, R PANDE, N RYAN","The Quarterly Journal of Economics 128 (4), 1499-1545, 2013",213,2013
"60","giving credit where it is due","AV BANERJEE, E DUFLO","Journal of Economic Perspectives 24 (3), 61-80, 2010",213,2010
"61","indoor air pollution health economic wellbeing","E DUFLO, M GREENSTONE, R HANNA","SAPI EN. S. Surveys and Perspectives Integrating Environment and Society, 2008",211,2008
"62","medium run effects of educational expansion evidence from large school construction program indonesia","E DUFLO","Journal of Development Economics 74 (1), 163-197, 2004",193,2004
"63","gossip identifying central individuals social network","A BANERJEE, AG CHANDRASEKHAR, E DUFLO, MO JACKSON","National Bureau of Economic Research, 2014",191,2014
"64","scaling up evaluation","E DUFLO","Annual World Bank Conference on Development Economics 2004, 341-369, 2004",191,2004
"65","miracle of microfinance","A BANERJEE, E DUFLO, R GLENNERSTER, C KINNAN","Evidence from a randomized evaluation 40, 2009",176,2009
"66","field experiments development economics","E DUFLO","Econometric Society Monographs 42, 322, 2006",174,2006
"67","educational production europe","L WOESSMANN","Economic policy 20 (43), 446-504, 2005",172,2005
"68","gender equality development","E DUFLO","BREAD Policy Paper 11 (4), 2005",167,2005
"69","comparative costeffectiveness analysis to inform policy developing countries general framework with applications for education","I DHALIWAL, E DUFLO, R GLENNERSTER, C TULLOCH","Education policy in developing countries, 285-338, 2013",161,2013
"70","why political reservations","E DUFLO","Journal of the European Economic Association 3 (2-3), 668-678, 2005",127,2005
"71","poor economics","E DUFLO, A BANERJEE","PublicAffairs, 2011",125,2011
"72","le développement humain","E DUFLO","Lutter contre la pauvreté, 2010",118,2010
"73","unappreciated service performance perceptions women leaders india","E DUFLO, P TOPALOVA","Manuscript, Department of Economics, Massachusetts Institute of Technology, 2004",NA,2004
"74","banking reform india","A BANERJEE, S COLE, E DUFLO","India policy forum 1 (1), 277-332, 2004",113,2004
"75","peer effects impact of tracking evidence from randomized evaluation kenya","E DUFLO, P DUPAS, M KREMER","CEPR Discussion Paper No. DP7043, 2008",111,2008
"76","political reservation substantive representation evidence from indivillage councils","L BEAMAN, E DUFLO, R PANDE, P TOPALOVA","India Policy Forum 2010/11, 159-191, 2010",108,2010
"77","poor economics barefoot hedgefund managers diy doctors surprising truth about life on less th dollar day","AV BANERJEE, E DUFLO","Penguin Books, 2012",105,2012
"78","peer effects pupilteacher ratios teacher incentives evidence from randomized evaluation kenya","E DUFLO, P DUPAS, M KREMER","working paper, MIT Poverty Action Lab, 2007",100,2007
"79","double machine learning for treatment causal parameters","V CHERNOZHUKOV, D CHETVERIKOV, M DEMIRER, E DUFLO, C HANSEN, ...","cemmap working paper, 2016",96,2016
"80","expérience science et lutte contre lpauvreté","E DUFLO","Fayard, 2009",95,2009
"81","additional resources versus organizational changes education experimental evidence from kenya","E DUFLO, P DUPAS, M KREMER","Unpublished manuscript. Abdul Latif Jameel Poverty Action Lab (JPAL …, 2009",93,2009
"82","understanding technology adoption fertilizer western kenya preliminary results from field experiments","E DUFLO, M KREMER, J ROBINSON","Unpublished manuscript, Massachusetts Institute of Technology, 2004",88,2004
"83","bank financing india","A BANERJEE, S COLE, E DUFLO","India’s and China’s recent experience with reform and growth, 138-157, 2005",88,2005
"84","humvalues design of fight against poverty","E DUFLO","Tanner Lectures, 2012",87,2012
"85","repenser lpauvreté","AV BANERJEE, E DUFLO","Éd. du Seuil, 2012",86,2012
"86","richard t ely lecture economist as plumber","E DUFLO","American Economic Review 107 (5), 1-26, 2017",84,2017
"87","women as policy makers evidence from indiawide randomized policy experiment","R CHATTOPADHYAY, E DUFLO","National Bureau of Economic Research, 2001",83,2001
"88","bundling health insurance microfinance india there cannot be adverse selection there is no demand","A BANERJEE, E DUFLO, R HORNBECK","American Economic Review 104 (5), 291-97, 2014",83,2014
"89","institute for financial management research centre for micro finance","A BANERJEE, E DUFLO, R CHATTOPADHYAY, J SHAPIRO",NA,82,2011
"90","cooking stoves indoor air pollution respiratory health rural orissa","E DUFLO, M GREENSTONE, R HANNA","Economic and Political Weekly, 71-76, 2008",82,2008
"91","from proof of concept to scalable policies challenges solutions with application","A BANERJEE, R BANERJI, J BERRY, E DUFLO, H KANNAN, S MUKERJI, M SHOTLAND, ...","Journal of Economic Perspectives 31 (4), 73-102, 2017",82,2017
"92","mis allocation of capital","AV BANERJEE, E DUFLO, K MUNSHI","Journal of the European Economic Association 1 (2-3), 484-494, 2003",75,2003
"93","cinstitutions be reformed from within evidence from randomized experiment with rajasthpolice","AV BANERJEE, R CHATTOPADHYAY, E DUFLO, D KENISTON, N SINGH","CEPR Discussion Paper No. DP8869, 2012",70,2012
"94","implications of pension plfeatures information social interactions for retirement saving decisions","E DUFLO, E SAEZ","Pension design and structure: New lessons from behavioral finance, 137-153, 2004",68,2004
"95","do credit constraints limit entrepreneurship heterogeneity returns to microfinance","AV BANERJEE, E BREZA, E DUFLO, C KINNAN","Heterogeneity in the Returns to Microfinance (September 1, 2017). Buffett …, 2017",66,2017
"96","do firms want to borrow more","A BANERJEE, E DUFLO","Testing Credit Constraints Using a Directed Lending Program. CEPR Discussion …, 2004",65,2004
"97","poor economics rethinking poverty  ways to end it","AV BANERJEE, E DUFLO","Random House India, 2011",64,2011
"98","toilets cwork short medium run health impacts of addressing complementarities externalities water sanitation","E DUFLO, M GREENSTONE, R GUITERAS, T CLASEN","National Bureau of Economic Research, 2015",63,2015
"99","women as policy makers evidence from randomized policy experiment india","E DUFLO, R CHATTOPADHYAY","eSocialSciences Working Papers, 2016",61,2016
"100","lapproche expérimentale en économie du développement","AV BANERJEE, E DUFLO","Revue d'économie politique 119 (5), 691-726, 2009",59,2009
"101","doubledebiasedneymmachine learning of treatment effects","V CHERNOZHUKOV, D CHETVERIKOV, M DEMIRER, E DUFLO, C HANSEN, ...","American Economic Review 107 (5), 261-65, 2017",57,2017
"102","improving police performance rajasthan india experimental evidence on incentives managerial autonomy training","A BANERJEE, R CHATTOPADHYAY, E DUFLO, D KENISTON, N SINGH","National Bureau of Economic Research, 2012",56,2012
"103","cinformation campaigns spark local participation improve outcomes study of primary education uttar pradesh india","A BANERJEE, R BANERJI, E DUFLO, R GLENNERSTER, S KHEMANI","The World Bank, 2006",55,2006
"104","computerassisted learning evidence from randomized experiment","L LINDEN, A BANERJEE, E DUFLO","Poverty Action Lab Paper 5, 2003",55,2003
"105","dis organization success economics mooc","AV BANERJEE, E DUFLO","American Economic Review 104 (5), 514-18, 2014",55,2014
"106","factors affecting nonadherence among patients diagnosed with unipolar depression psychiatric department of tertiary hospital kolkata india","S BANERJEE, RP VARMA","Depression research and treatment 2013, 2013",50,2013
"107","economic lives of poor","E DUFLO, A BANERJEE","Journal of Economic Perspectives 21 (1), 141-167, 2007",50,2007
"108","nondeterminism with referential transparency functional programming languages","FW BURTON","The Computer Journal 31 (3), 243-247, 1988",NA,1988
"109","value of regulatory discretion estimates from environmental inspections india","E DUFLO, M GREENSTONE, R PANDE, N RYAN","Econometrica 86 (6), 2123-2160, 2018",49,2018
"110","repensar lpobreza un giro radical en lluchcontrldesigualdad global","A BANERJEE, E DUFLO","Taurus, 2012",48,2012
"111","cinformation campaigns raise awareness local participation primary education","A BANERJEE, R BANERJI, E DUFLO, R GLENNERSTER, D KENNISTON, S KHEMANI, ...","Economic and Political Weekly, 1365-1372, 2007",47,2007
"112","womens leadership policy decisions evidence from nationwide randomized experiment india","R CHATTOPADHYAY, E DUFLO","Boston University, Institute for Economic Development, 2001",45,2001
"113","egovernance accountability leakage public programs experimental evidence from financial management reform india","A BANERJEE, E DUFLO, C IMBERT, S MATHEW, R PANDE","National Bureau of Economic Research, 2016",45,2016
"114","mandated empowerment handing antipoverty policy back to poor","AV BANERJEE, E DUFLO","Annals of the new York Academy of sciences 1136 (1), 333-341, 2008",44,2008
"115","more th billion people are hungry world","A BANERJEE, E DUFLO","Foreign Policy, 66-72, 2011",43,2011
"116","mainstreaming effective intervention evidence from randomized evaluations of teaching at right level india","A BANERJEE, R BANERJI, J BERRY, E DUFLO, H KANNAN, S MUKHERJI, ...","National Bureau of Economic Research, 2016",43,2016
"117","savings incentives for lowmoderateincome families united states why is savers credit not more effective","E DUFLO, W GALE, J LIEBMAN, P ORSZAG, E SAEZ","Journal of the European Economic Association 5 (2-3), 647-661, 2007",41,2007
"118","generic machine learning inference on heterogenous treatment effects randomized experiments","V CHERNOZHUKOV, M DEMIRER, E DUFLO, I FERNANDEZ-VAL","National Bureau of Economic Research, 2018",40,2018
"119","repensar lpobreza","A BANERJEE, E DUFLO","Un giro radical en la lucha contra la desigualdad global. Santillana …, 2012",40,2012
"120","under thumb of history political institutions scope for action","AV BANERJEE, E DUFLO","Annu. Rev. Econ. 6 (1), 951-971, 2014",39,2014
"121","education fertility experimental evidence from kenya","E DUFLO, P DUPAS, M KREMER","Unpublished Manuscript, J-PAL/MIT. Cambridge, MA, 2010",37,2010
"122","grandmothers grandaughters effects of old age pension on child health south africa","E DUFLO","Cambridge, Mass.: MIT, Dept. of Economics, 2000",36,2000
"123","nature of credit constraints evidence from indibank","A BANERJEE, E DUFLO","Manuscript, MIT. Available at: http://www. chicagobooth. edu/research …, 2001",36,2001
"124","using gossips to spread information theory evidence from two randomized controlled trials","A BANERJEE, AG CHANDRASEKHAR, E DUFLO, MO JACKSON","The Review of Economic Studies 86 (6), 2453-2490, 2019",34,2019
"125","aging death under dollar day","AV BANERJEE, E DUFLO","Research Findings in the Economics of Aging, 169-203, 2010",33,2010
"126","lutter contre lpauvreté le développement humain","E DUFLO",NA,32,2010
"127","improving health care delivery india","A BANERJEE, E DUFLO","Deaton Festshrift Conference, September, http://economics. mit. edu/files/5172, 2009",31,2009
"128","cegovernance reduce capture of public programs experimental evidence from financial reform of indias employment guarantee","A BANERJEE, E DUFLO, C IMBERT, S MATHEW, R PANDE","Accessed February 15, 2017, 2014",31,2014
"129","long term impacts of graduation program evidence from west bengal","A BANERJEE, E DUFLO, R CHATTOPADHYAY, J SHAPIRO","Unpublished paper, Massachusetts Institute of Technology, Cambridge, MA, 2016",NA,2016
"130","évaluer limpact des programmes daide au développement le rôle des évaluations par assignation aléatoire","E DUFLO","Revue d'économie du développement 13 (2), 185-226, 2005",31,2005
"131","efficiency rent seeking local government evidence from randomized policy experiments india","E DUFLO, G FISCHER, R CHATTOPADHYAY","Department of Economics, Massachusetts Institute of Technology, Cambridge …, 2005",29,2005
"132","industrial restructuring russia early reactions fo firms to shock of liberalization","E DUFLO, C SENIK‐LEYGONIE","Economics of Transition 5 (1), 45-62, 1997",27,1997
"133","ctracking improve learning evidence from kenya","E DUFLO, P DUPAS, M KREMER","Education Next 9 (3), 64-71, 2009",27,2009
"134","price is wrong","MA BATES, R GLENNERSTER, K GUMEDE, E DUFLO","Field Actions Science Reports. The Journal of Field Actions, 2012",26,2012
"135","social experiments to fight poverty","E DUFLO","TED Talk, 2010",26,2010
"136","what do banks not do","A BANERJEE, E DUFLO","Economic and Political Weekly, 4212-4213, 2004",25,2004
"137","randomized evaluations of interventions social service delivery","E DUFLO, R GLENNERSTER, M KREMER","Development Outreach 6 (1), 26-29, 2004",24,2004
"138","movies margins marketing encouraging adoption of ironfortified salt","A BANERJEE, S BARNHARDT, E DUFLO","Insights in the Economics of Aging, 285-306, 2015",24,2015
"139","up smoke influence of household behavior on longrun impact of improved cooking stoves","E DUFLO, M GREENSTONE, R HANNA","NBER Working Paper 18033, 2012",24,2012
"140","monitoring works getting teachers to come to school nber working paper no ","E DUFLO, R HANNA","National Bureau of Economic Research, 2005",24,2005
"141","cognitive science field preschool intervention durably enhances intuitive not formal mathematics","MR DILLON, H KANNAN, JT DEAN, ES SPELKE, E DUFLO","Science 357 (6346), 47-55, 2017",23,2017
"142","women politicians gender bias policymaking rural india","L BEAMAN, E DUFLO, R PANDE, P TOPALOVA","Unknown Publisher, 2006",23,2006
"143","come play with me experimental evidence of information diffusion about rival goods","A BANERJEE, E BREZA, AG CHANDRASEKHAR, E DUFLO, M JACKSON","Work in Progress, 2012",23,2012
"144","politics as male domaempowerment india","L BEAMAN, R PANDE, A CIRONE","The impact of gender quotas 13, 2012",22,2012
"145","evaluating impact of development aid programmes role of randomised evaluations","E DUFLO","Development Aid: Why and How? Towards strategies for effectiveness, 2005",22,2005
"146","what does reputation buy differentiation market for thirdparty auditors","E DUFLO, M GREENSTONE, R PANDE, N RYAN","American Economic Review 103 (3), 314-19, 2013",21,2013
"147","bank finance india","AV BANERJEE, S COLE, E DUFLO","In, 2005",21,2005
"148","implications of information social interactions for retirement saving decisions","E DUFLO, E SAEZ","Pension Research Council 13, 1-28, 2003",21,2003
"149","handbook of development economics","E DUFLO, R GLENNERSTER, M KREMER, TP SCHULTZ, J STRAUSS","North Holland 4, 3895-962, 2007",20,2007
"150","intrahousehold resource allocation cote divoire social norms separate accounts consumption choices","CR UDRY, E DUFLO","Yale School of Management Working Papers, 2004",19,2004
"151","handbook of field experiments","E DUFLO, A BANERJEE","Elsevier, 2017",19,2017
"152","default punishment incentives lending behavior indibanks","A BANERJEE, S COLE, E DUFLO","Manuscript. Harvard Business School, 2009",18,2009
"153","changes social network structure response to exposure to formal credit markets","AV BANERJEE, AG CHANDRASEKHAR, E DUFLO, MO JACKSON","Available at SSRN 3245656, 2018",18,2018
"154","balancing growth with equity view from development","E DUFLO","trabajo preparado para The Jackson Hole 2011 symposium, 2011",17,2011
"155","peer effects teacher incentives impact of tracking","M KREMER, E DUFLO, P DUPAS","American Economic Review 101 (5 (August 2011)), 2011",17,2011
"156","inequality growth","AV BANERJEE, E DUFLO","National Bureau of Economic Research, 2000",16,2000
"157","entry exit candidate selection evidence from india","AV BANERJI, C IMBERT, R PANDE",NA,16,2013
"158","is decentralized iron fortification feasible option to fight anemiamong poorest","A BANERJEE, E DUFLO, R GLENNERSTER","Explorations in the Economics of Aging, 317-344, 2011",16,2011
"159","cironfortified salt control anemia evidence from two experiments rural bihar","A BANERJEE, S BARNHARDT, E DUFLO","Journal of Development Economics 133, 127-146, 2018",16,2018
"160","microcrédit miracle ou désastre","E DUFLO","Problemes Economiques, 10, 2011",15,2011
"161","handbook of field experiments","AV BANERJEE, E DUFLO, JM GUERON, S ATHEY, GW IMBENS, S CHASSANG, ...","Elsevier North Holland, 2017",14,2017
"162","miracle of microfinance","E DUFLO, A BANERJEE, R GLENNERSTER, CG KINNAN","Evidence from a Randomized Evaluation, 2013",13,2013
"163","community involvement public goods provision evidence from field experiment ghana","TF WALKER","International Growth Centre. Working Paper 11 (0069), 1-28, 2011",13,2011
"164","microcredit is not enemy","A BANERJEE, P BARDHAN, E DUFLO, E FIELD, D KARLAN, A KHWAJA, ...","Financial Times 13, 2010",12,2010
"165","m kremer using randomization development economics research tool kit","E DUFLO, R GLENNERSTER","Centre for Economic Policy Research, 0",12,NA
"166","efficient deployment of police resources theory new evidence from randomized drunk driving crackdown india","A BANERJEE, E DUFLO, D KENISTON, N SINGH","National Bureau of Economic Research Working Paper Series, 2019",12,2019
"167","influence of randomized controlled trials on development economics research on development policy","AV BANERJEE, E DUFLO, M KREMER","The State of Economics, The State of the World Conference at the World Bank, 2016",12,2016
"168","understanding technology adoption fertilizer western kenya","E DUFLO, M KREMER, J ROBINSON",NA,12,2005
"169","use of randomization evaluation of development effectiveness paper prepared for world bank operations evaluation department oed conference on evaluation and ","E DUFLO, M KREMER","World Bank, 2003",11,2003
"170","poor economics plädoyer für eneues verständnis von armut","AV BANERJEE, E DUFLO","Albrecht Knaus Verlag, 2012",11,2012
"171","improving access to urbservices for poor","E DUFLO, S GALIANI, M MOBARAK","Edited by Jasmine Shah. Cambridge, Massachusetts. https://www. google. co …, 2012",11,2012
"172","comparative costeffectiveness to inform policy developing countries","I DHALIWAL, E DUFLO, R GLENNERSTER, C TULLOCH","Unpublished manuscript, Abdul Latif Jameel Poverty Action Lab, MIT, 2011",11,2011
"173","help microfinance dont kill it","A BANERJEE, P BARDHAN, E DUFLO, E FIELD, D KARLAN, A KHWAJA, ...","Indian Express, 2010",10,2010
"174","value of discretion enforcement of regulation experimental evidence structural estimates from environmental inspections india","E DUFLO, M GREENSTONE, R PANDE, N RYAN","Econometrica (forthcoming), 2018",10,2018
"175","teaching at right level evidence from randomized evaluations india","A BANERJEE, R BANERJI, J BERRY, E DUFLO, H KANNAN, S MUKHERJI, M WALTON","NBER Working Paper, 2015",10,2015
"176","crime punishment monitoring deterring drunken driving india","A BANERJEE, E DUFLO, D KENISTON, N SINGH","Manuscript. Abdul Latif Jameel Poverty Action Lab. Massachusetts Institute …, 2012",10,2012
"177","wealth health health services rural rajasthan","A BANERJEE, A DEATON, E DUFLO","Massachusetts Institute of Technology, 2003",9,2003
"178","r kremer m","EG DUFLO","Using Randomization in Development Economics Research: A Toolkit.” In …, 0",9,NA
"179","truthtelling by thirdparty auditors evidence from randomized field experiment india","E DUFLO, M GREENSTONE, R PANDE, N RYAN","21st BREAD Conference, 12-13, 2012",9,2012
"180","leconomidei poveri capire lvernaturdellpovertà per combatterla","AV BANERJEE, E DUFLO","Feltrinelli, 2012",9,2012
"181","why arent children learning","AV BANERJEE, E DUFLO","Development Outreach 13 (1), 36-44, 2011",9,2011
"182","nudging farmers to use fertilizer theory and","E DUFLO, M KREMER, J ROBINSON",NA,8,2011
"183","towards emissions trading scheme for air pollutants india","E DUFLO, M GREENSTONE, R PANDE, N RYAN","MIT Center for Energy and Environmental Policy Research, 2010",8,2010
"184","using randomization development economics research toolkit centre for economic policy research","E DUFLO, R GLENNERSTER, M KREMER","Discussion Paper, 2007",8,2007
"185","dams","R PANDE, E DUFLO","National Bureau of Economic Research, 2005",8,2005
"186","effets du dispositdaccompagnement à lcréation dentreprise créajeunes résultats dune expérience contrôlée","B CRÉPON, E HUILLERY, E DUFLO, W PARIENTÉ, J SEBAN","Sciences Po publications, 2014",8,2014
"187","nudging farmers to utilize fertilizer theory experimental evidence from kenya","E DUFLO, M KREMER, J ROBINSON","CEPR Discussion Paper No. DP7402, 2009",8,2009
"188","targeting efficiency how well cwe identify poorest of poor","A BANERJEE, E DUFLO, R CHATTOPADHYAY, J SHAPIRO","Institute for Financial Management and Research Centre for Micro Finance …, 2009",8,2009
"189","are monitors overmonitored evidence from corruption vigilance lending indibanks","A BANERJEE, S COLE, E DUFLO","MIMEO, MIT, 2008",7,2008
"190","bank competition india","AV BANERJEE, S COLE, E DUFLO","Sixth Annual Conference on Indian Economic Policy Reform, Stanford Center …, 2005",7,2005
"191","banking reform india","S COLE, E DUFLO","India Policy Forum 1, 277-332, 2004",7,2004
"192","how much should we trust differencesindifferences estimation","M BERTRAND, E DUFLO, S MULLAINATHAN","NBER Working Paper 8841, 2002",7,2002
"193","how much do existing borrowers value microfinance evidence from experiment on bundling microcredit insurance","A BANERJEE, E DUFLO, R HORNBECK","Economica 85 (340), 671-700, 2018",7,2018
"194","does microfinance foster business growth importance of entrepreneurial heterogeneity","A BANERJEE, E BREZA, E DUFLO, C KINNAN","Unpublished manuscript, Mass. Inst. Technology, Cambridge, MA, 2014",7,2014
"195","nutrition iron deficiency anemia demfor ironfortified salt evidence from experiment rural bihar","A BANERJEE, S BARNHARDT, E DUFLO","Discoveries in the Economics of Aging, 343-384, 2013",7,2013
"196","do labor market policies have displacement effect evidence from clustered random experiment","B CRÉPON, E DUFLO, M GURGAND, R RATHELOT, P ZAMORA","Unpublished Manuscript, Centre de Recherche en Économie et Statistique …, 2011",6,2011
"197","making police reform real rajasthexperiment","A BANERJEE, E DUFLO, D KENISTON, N SINGH","mimeo, Yale University, 2011",6,2011
"198","handbook of development economics","MA KOSE, E PRASAD, K ROGOFF, SJ WEI, D RODRIK, MR ROSENZWEIG","Financial globalization and economic policies 5, 4283-4359, 2010",6,2010
"199","use of randomization evaluation of development","E DUFLO, M KREMER","Reinventing foreign aid, 93-120, 2008",6,2008
"200","education hivaids prevention evidence from randomized evaluation western kenya background paper to  world development report","EC DUFLO","World Bank, Development Economics, Office of the Senior Vice President and …, 2006",6,2006
"201","r  tulloch c comparative costeffectiveness analysis to inform policy developing countries general framework with applications for education","I DHALIWAL, EG DUFLO, R GLENNERSTER","J-PAL Working Paper, 0",6,NA
"202","i kremer m school governance teacher incentives pupilteacher ratio experimental evidence from kenyprimary schools","E DUFLO, P DUPAS","NBER Working Paper 17939, 0",6,NA
"203","poor choices poverty from ground level","T BESLEY","Foreign Aff. 91, 160, 2012",6,2012
"204","towards emissions trading scheme for air pollutants india concept note","E DUFLO, R PANDE, M GREENSTONE, N RYAN","eSocialSciences Working Papers, 2010",6,2010
"205","growth theory through lens of development","AV BANERJEE, E DUFLO","na, 2005",6,2005
"206","monitoring works getting teachers to come to school","R HANNA, E DUFLO","National Bureau of Economic Research, 2005",5,2005
"207","efficiency rent seeking local governments evidence from randomized policy experiments india","R CHATTOPADHYAY, E DUFLO, G FISCHER","Workingpaper, MIT, 2004",5,2004
"208","kremer ","E DUFLO, P DUPAS","Using Randomization in Development Economics Research: A Toolkit, 0",5,NA
"209","introduction to handbook of field experiments","AV BANERJEE, E DUFLO","Handbook of economic field experiments, 1-24, 2017",5,2017
"210","randomized controlled trials development economics policy making developing countries","E DUFLO","World Bank Conference: The State of Economics, The State of the World …, 2016",5,2016
"211","priced out aggregate income shocks school pricing chilevoucher market","B FEIGENBERG","MIT. http://economics. mit. edu/files/9300, 2015",5,2015
"212","unpacking effects of conditional cash transfer programs experimental evidence from morocco","N BENHASSINE, F DEVOTO, E DUFLO, P DUPAS, V POULIQUEN","Unpublished manuscript, 2012",4,2012
"213","arm  kansrijk","AV BANERJEE, E DUFLO","Nieuw Amsterdam, 2012",4,2012
"214","marry for what caste mate selection modern india","E DUFLO, A BANERJEE, M GHATAK, J LAFORTUNE","eSocialSciences Working Papers, 2009",4,2009
"215","experimental approach to development economics","V ABHIJIT, A BANERJEE, E DUFLO","NBER Working Paper 14467, 2008",4,2008
"216","do firms want to borrow more testing credit constraints using directed lending program mit working paper","A BANERJEE, E DUFLO, AV BANERJEET, E DUFIO",NA,4,2008
"217","are monitors overmonitored evidence from corruption lending indibanks","A BANERJEE, S COLE, E DUFLO","Mimeo: MIT, 2006",4,2006
"218","remedying education evidence from two randomized experiments","AV BANERJEE, S COLE, E DUFLO, L LINDEN","in India,” NBER Working Paper, 2005",4,2005
"219","do firms want to borrow more testing credit constraints using directed lending program","E DUFLO, AV BANERJEE","Massachusetts Institute of Technology, 2004",4,2004
"220","impact of education on fertility child mortality do fathers really matter less thmothers","E DUFLO, L BREIEROVA","National Bureau of Economic Research, 2004",4,2004
"221","case study of corruption canal irrigation south india","E DUFLO","MIT. Unpublished, 2003",4,2003
"222","poverty action lab","E DUFLO","American Economic Journal: Economic Policy 7 (3), 2015",4,2015
"223","measured profit is not welfare evidence from experiment on bundling microcredit insurance","AV BANERJEE, E DUFLO, R HORNBECK","CEPR Discussion Paper No. DP10146, 2014",4,2014
"224","pensions taxes budgetary process","P DIAMOND","The American Economist 57 (2), 146-153, 2012",4,2012
"225","paternalism versus freedom","E DUFLO","Marshall Lectures, May.[Last accessed 25 Sep 2014.] Available from URL: www …, 2012",3,2012
"226","radjasthpolice performence perception intervention","A BANERJEE, R CHATTOPADHYAY, E DUFLO, D KENISTON","Working paper J-Pal, 2009",3,2009
"227","miracle of","A BANERJEE, E DUFLO, R GLENNERSTER, C KINNAN",NA,3,2009
"228","how to spend  billion to make world better place book review","E DUFLO","Journal of Economic Literature 45, 2007",3,2007
"229","amyloid precursor proteneurotrophic properties as target to cure alzheimers disease","A DELACOURTE","European Neurological Disease, 29-30, 2006",3,2006
"230","education hivaids prevention evidence from randomized evaluation western kenya world bank policy research working paper no","E DUFLO, P DUPAS, M KREMER, S SINEI",NA,3,2006
"231","holding teachers accountable evidence from randomized evaluation india","E DUFLO, R HANNA","Working Paper, MIT Poverty Action Lab, 2005",3,2005
"232","decentralization political reservations india some evidence","E DUFLO","available at www//econ. ucsd. edu/seminars/Duflo% 20USCD_ presentation. pdf, 2003",3,2003
"233","intrahousehold resource allocation côte divoire","E DUFLO, C UDRY, A DEATON, S KHAN, E LIGON, E SAEZ","Social Norms, Separate Accounts and Consumption Choices.” National Bureau of …, 2003",3,2003
"234","women as policy makers","R CHATTOPADHYAY, E DUFLO","op. cit, 1427, 2003",3,2003
"235","reflection without rules economic methodology contemporary science theory","D HAUSMAN","Journal of Economic Literature 39 (3), 902, 2001",3,2001
"236","c kinnmiracle of microfinance evidence from randomized evaluation","E DUFLO, A BANERJEE, R GLENNERSTER","NBER, 0",3,NA
"237","pourquoi payer","MA BATES, R GLENNERSTER, K GUMEDE, E DUFLO","Field Actions Science Reports. The journal of field actions, 2012",3,2012
"238","lack of hope persistence of poverty","E DUFLO","Marshall Lecture Series, 2012",3,2012
"239","not so simple economics of lending to poor","A BANERJEE, E DUFLO","Massachusetts Institute of Technology, Cambridge, MA. http://ww w …, 2011",3,2011
"240","computerassisted learning evidence from randomized experiment","A BANERJEE, E DUFLO, L LINDEN","Framed Field Experiments, 2011",2,2011
"241","poor economics","AV BENNERJEE, E DUFLO","A Radical Rethinking of the Way to Fight Global Poverty. New York: Public …, 2011",2,2011
"242","reevaluating learning","E DUFLO","NBER Reporter Online, 12-15, 2009",2,2009
"243","experiments science fight against poverty","E DUFLO","Inaugural lecture at College de France 1, 2009, 2009",2,2009
"244","powerful women does exposure reduce bias","P TOPALOVA, E DUFLO, R PANDE, L BEAMAN, R CHATTOPADHYAY","eSocialSciences Working Papers, 2008",2,2008
"245","impact of reservation panchayati raj","R CHATTOPADHYAY, E DUFLO","Reservation for Women, 245-269, 2008",2,2008
"246","aging death under dollar day","E DUFLO, AV BANERJEE","National Bureau of Economic Research, 2007",2,2007
"247","chapterusingrandomizationindevelopmenteconomicsresearch atoolkit","E DUFLO, R GLENNERSTER, M KREMER","Handbook ofDevelopmentEconomics 4, 2006",2,2006
"248","how much should we trust differencesindifferences estimates","S MULLAINATHAN, M BERTRAND, E DUFLO","National Bureau of Economic Research, 2002",2,2002
"249","calcutta","R CHATTOPADHYAY, E DUFLO, WTD ACEMOGLU, A BANERJEE, MG DASTIDAR, ...",NA,2,2001
"250","women as policy makers evidence from indiawide randomized policy experiment","E DUFLO, R CHATTOPADHYAY","National Bureau of Economic Research, 2001",2,2001
"251","public economics","L ECONOMICS, M BERTRAND, E DUFLO, S MULLANAITHAN, HMS WE","Health Economics, and the Economics of Education have, 2000",2,2000
"252","reputation effects limits of contracting study of indiam software industry department of economics massachussetts institute of technology","AV BANERJEE, E DUFLO","Working Paper, 2000",2,2000
"253","essays empirical development economics","E DUFLO","Massachusetts Institute of Technology, 1999",2,1999
"254","industrial restructuring russia early reactions of firms to shock of liberalization","C SENIK-LEYGONIE, E DUFLO","DELTA Working Papers, 1995",2,1995
"255","abhijit banerjee","E DUFLO, S MULLAINATHAN, D ACEMOGLU","Poor Economics: A Radical Rethinking of the Way to Fight Global Poverty, 0",2,NA
"256","supplementary material to","E DUFLO, P DUPAS, M KREMER",NA,2,NA
"257","p  kremer m peer effects class size teacher incentives evidence from randomized evaluation kenya","ED DUFLO",NA,2,NA
"258","cmicrofinance unlock poverty trap for some entrepreneurs","A BANERJEE, E BREZA, E DUFLO, C KINNAN","National Bureau of Economic Research Working Paper Series, 2019",2,2019
"259","report of search committee to appoint dateditor for aea","E DUFLO, H HOYNES","AEA Papers and Proceedings 108, 745, 2018",2,2018
"260","report of editor americeconomic review","E DUFLO","AEA Papers and Proceedings 108, 636-51, 2018",2,2018
"261","americeconomic journal","A BANERJEE, D KARLAN, J ZINMAN, E DUFLO, R GLENNERSTER, C KINNAN, ...","Applied Economics 7 (1), 2015, 2015",1,2015
"262","deworming informed debate requires careful look at data","E DUFLO, D KARLAN","Retrieved December 16, 2015, 2015",1,2015
"263","esther duflo","E DUFLO",NA,1,2014
"264","lrégulation sociale des risques de catastrophe ethnographie des quartiers périphériques de lpaz","F NATHAN","Graduate Institute Publications, 2012",1,2012
"265","empirical essays on firm behavior india","NNJ RYAN","Massachusetts Institute of Technology, 2012",1,2012
"266","anthropological way of doing economics","A SINHA","Economic and Political Weekly 46 (52), 33-35, 2011",1,2011
"267","poor economics radical rethinking of way to fight global poverty","G MCNICOLL","Population and Development Review 37 (4), 796-797, 2011",1,2011
"268","research agendfor development economics","E DUFLO","American Economic Association, Ten Years and Beyond: Economists Answer NSF's …, 2011",1,2011
"269"," repenser llutte contre lpauvreté","E DUFLO, C MONTIALOUX","Regards croises sur l'economie, 59-62, 2011",1,2011
"270","poor economics radical rethinking of way to fight global","A BANERJEE, E DUFLO","Global Public Affairs Books: Estados Unidos, 2011",1,2011
"271","risk of asking being surveyed caffect later behavior","AP ZWANE, J ZINMAN, E VAN DUSEN, W PARIENTE, C NULL, E MIGUEL, ...","Proceedings of the National Academy of Sciences of the United States of …, 2011",1,2011
"272","women as policy makers evidence from randomized experiment","E DUFLO, R CHATTOPADHYAY","eSocialSciences Working Papers, 2010",1,2010
"273","pitfalls of participatory programs evidence from randomized evaluation education india","R BANERJI, S KHEMANI","American Economic Journal: Economic Policy 2 (1), 1-30, 2010",1,2010
"274","marry for what caste mate selection modern india","J LAFORTUNE, A BANERJEE, E DUFLO, M GHATAK","National Bureau of Economic Research, 2009",1,2009
"275","chaire savoirs contre pauvreté année académique ","E DUFLO","La lettre du Collège de France, 5, 2009",1,2009
"276","pitfalls of participatory programs evidence from","AV BANERJEE, R BANERJI, E DUFLO, R GLENNERSTER, S KHEMANI",NA,1,2008
"277","experimental approach to development economics","E DUFLO, AV BANERJEE","Centre for Economic Policy Research, 2008",1,2008
"278","pauvreté accès au crédit et déterminants de lparticipation à un nouveau programme de micro crédit dans les zones rurales du maroc","B CRÉPON, F DEVOTO, E DUFLO, W PARIENTÉ","Document de Travail, 2008",1,2008
"279","understanding technology adoption fertilizer western kenyevidence from field experiments preliminary incomplete april  ","E DUFLO, M KREMER, J ROBINSON","MIT, NBER, CEPR and BREAD, 2006",1,2006
"280","bank financing india","SA COLE, A BANERJEE, E DUFLO",NA,1,2005
"281","americeconomic association","SD LEVITT","The Journal of Economic Perspectives 18 (1), 163-190, 2004",1,2004
"282","impact of education on fertility child mortality do fathers really matter less thmothers oecd development centre working paper no  formerly webdoc no ","L BREIEROVA, E DUFLO","OECD Publishing (NJ1), 2003",1,2003
"283","bureau for research economic analysis of development","A BANERJEE, E DUFLO, K MUNSHI",NA,1,2003
"284","does more education for young increase wages of old evidence from school construction indonesia","E DUFLO",NA,1,2000
"285","replication datfor what does reputation buy differentiation market for thirdparty auditors","E DUFLO, M GREENSTONE, R PANDE, N RYAN","Inter-university Consortium for Political and Social Research (ICPSR), 2019",1,2019
"286","replication datfor incentives work getting teachers to come to school","E DUFLO, R HANNA, SP RYAN","Inter-university Consortium for Political and Social Research (ICPSR), 2019",1,2019
"287","social emotional learning programs for adolescents","S RAJASEKARAN, J REYES, V ALVES, D BLOOM, D CICCHETTI, J RAPPAPORT, ...","National Center on Education and the Economy.(NJ1) 20 (1), i-xxv, 2019",1,2019
"288","beating odds versus changing odds poverty resilience family policy","S RAJASEKARAN, J REYES, J PAN, JF ZAFF, AE DONLAN, M UNGAR, M UNGAR, ...","The Victoria Institute for Education, Diversity and Lifelong Learning 27 (4 …, 2019",NA,2019
"289","report of editor americeconomic review","E DUFLO","AEA Papers and Proceedings 109, 612-26, 2019",NA,2019
"290","hiv prevention among youth randomized controlled trial of voluntary counseling testing for hiv male condom distribution rural kenya","E DUFLO, P DUPAS, T GINN, GM BARASA, M BARAZA, V POULIQUEN, V SHARMA","PloS one 14 (7), 2019",NA,2019
"291","consumer perceptions of price quality value meansend model synthesis of evidence","P LILLRANK, B ABEL-SMITH, D ACEMOGLU, JA ROBINSON, J AHERNE, A WHELTON, ...","The Logics of Healthcare: The Professional’s Guide to Health System Science …, 2018",NA,2018
"292","misperceptions about immigration support for redistribution","A ALESINA, A MIANO, S STANTCHEVA",NA,NA,2018
"293","world development indicators online database","AV GEVORKYAN, L ABALKIN, SY WITTE, D ACEMOGLU, J ROBINSON, J ADAM, ...","Transition Economies: Transformation, Development, and Society in Eastern …, 2018",NA,2018
"294","assessing development financial institutions public interest analysis","B BALKENHOL, GA AKERLOF, DAH ALAMGIR, B ARMENDARIZ, J MORDUCH, ...","Microfinance: Research, Debates, Policy 84 (3), 1-6, 2018",NA,2018
"295","this article has been accepted for publication undergone full peer review has not been through copyediting typesetting pagination proofreading process which ","S LIU, JH ZHANG, DZ LIU, JX ZHANG",NA,NA,2018
"296","naitre study on impact of conditional cash transfer on poor pregnancy outcomes underprivileged women protocol for nationwide pragmatic clusterrandomised superiority ","M BARDOU, B CRÉPON, AC BERTAUX, A GODARD-MARCEAUX, A ECKMAN-LACROIX, ...","BMJ open 7 (10), e017321, 2017",NA,2017
"297","deal with devil successes limitations of bureaucratic reform india","TS RABIE, SN TOWFIGHIAN, C CLARK, M CAMMETT, AV BANERJEE, E DUFLO, ...","Economic Research and International Relations Area 6 (9), 99-109, 2017",NA,2017
"298","movies margins marketing","A BANERJEE, S BARNHARDT, E DUFLO","Insights in the Economics of Aging, 285, 2017",NA,2017
"299","analysis forecast on potential of chinas economic growth","C BAI, Q ZHANG, X FEI, J ZHAO, M WANG, M ABRAMOVITZ, D AIGNER, ...","A Research on China’s Economic Growth Potential 46 (1), 1-3, 2017",NA,2017
"300","dp economist as plumber","E DUFLO",NA,NA,2017
"301","education asymmetry brav brawn rural communities","A BANERJEE, E DUFLO",NA,NA,2017
"302","dp egovernance accountability leakage public programs experimental evidence from financial management reform india","A BANERJEE, E DUFLO, C IMBERT, S MATHEW, R PANDE",NA,NA,2017
"303","dp from proof of concept to scalable policies challenges solutions with application","A BANERJEE, R BANERJI, J BERRY, E DUFLO, H KANNAN, S MUKERJI, M SHOTLAND, ...",NA,NA,2017
"304","online appendix for","E DUFLO, M GREENSTONE, R PANDE, N RYAN",NA,NA,2016
"305","global value chains changing world","R ADAMS, F DANIEL, R AGGARWAL, E ISIL, W ROHAN, M AGOSTINO, ...","WTO 94 (2), 87-346, 2016",NA,2016
"306","dp mainstreaming effective intervention evidence from randomized evaluations of teaching at right level india","A BANERJEE, R BANERJI, J BERRY, E DUFLO, H KANNAN, S MUKERJI, M SHOTLAND, ...",NA,NA,2016
"307","minutes of meeting of executive committee chicago il april  ","PL ROUSSEAU","American Economic Review 106 (5), 685-90, 2016",NA,2016
"308","dp cironfortified salt control anemia evidence from two experiments rural bihar","A BANERJEE, S BARNHARDT, E DUFLO",NA,NA,2016
"309","dp field experiments on discrimination","M BERTRAND, E DUFLO",NA,NA,2016
"310","impacto de lpolíticsocial y ambiental en el consumo ante eventos climáticos extremos de precipitación en méxico","DA ROMÁN CEDILLO","CATIE, Turrialba (Costa Rica), 2016",NA,2016
"311","long hidden history of us somalia","R ABDULGANI, FB ABOAGYE, I ABU BAKAR, D ACEMOGLU, J ROBINSON, ...","The Economist 7 (1), 93-105, 2016",NA,2016
"312","reform international monetary system","R ABDELAL, MR ABOUHARB, D CINGRANELLI, M ABRAMOVITZ, M ABRAMOVITZ, ...","Global Finance and Development 46 (2), 1-18, 2015",NA,2015
"313","urbagriculture poverty food security empirical evidence from sample of developing countries","G CARLETTO, M RUEL, P WINTERS, A ZEZZA, AFRICAN UNION, MA AKSOY, ...","The Journal of Development Studies 51 (8), 945-957, 2015",NA,2015
"314","minutes of meeting of executive committee chicago il april  ","DC BERNANKE, E DUFLO, RS ROUSSEAU, R THALER, J CHEVALIER, D LAIBSON, ...",NA,NA,2015
"315","marylpopulation research center","E DUFLO, M GREENSTONE, R GUITERAS, T CLASEN",NA,NA,2015
"316"," bibliography","A APPADURAI, K DH, R AUTY, RM AUTY, R BACON, W ELTIS, D BAKER, ...","Inclusive Growth, Development and Welfare Policy: A Critical Assessment 13 …, 2015",NA,2015
"317","wide angle view of learning","E DUFLO, J BERRY, S MUKERJI, M SHOTLAND",NA,NA,2015
"318","hiểu nghèo thoát nghèo","AV BANERJEE, E DUFLO","Trẻ, 2015",NA,2015
"319","mit placement officer","E DUFLO, ME KONOMI, MT DATTILO, A BANERJEE, B OLKEN","Macroeconomics (Undergraduate), 2015",NA,2015
"320","dp education hiv early fertility experimental evidence from kenya","E DUFLO, P DUPAS, M KREMER",NA,NA,2015
"321","dp measured profit is not welfare evidence from experiment on bundling microcredit insurance","A BANERJEE, E DUFLO, R HORNBECK",NA,NA,2014
"322","dp perceiving prospects properly","J STEINER, C STEWART",NA,NA,2014
"323","august ","A BANERJEE, E DUFLO, R HORNBECK",NA,NA,2014
"324","dp gossip identifying central individuals social network","A BANERJEE, AG CHANDRASEKHAR, E DUFLO, MO JACKSON",NA,NA,2014
"325","happiness on tap piped water adoption urbmorocco","T ALLAN, J BARTRAM, S CAIRNCROSS, K ONDA, J LOBUGLIO, J BARTRAM, ...","Water International 39 (5), 774-784, 2014",NA,2014
"326","dp under thumb of history political institutions scope for action","A BANERJEE, E DUFLO",NA,NA,2014
"327","profit is not welfare evidence from experiment on bundling credit insurance","A BANERJEE, E DUFLO, R HORNBECK","J-Pal Working Paper, MIT, Cambridge MA, 2014",NA,2014
"328","dp estimating impact of microcredit on those who take it up evidence from randomized experiment morocco","B CRÉPON, F DEVOTO, E DUFLO, W PARIENTÉ",NA,NA,2014
"329","minutes of meeting of executive committee chicago il april  ","E DUFLO, S DURLAUF, A FINKELSTEIN, P GOLDBERG, C GOLDIN, G IMBENS, ...",NA,NA,2014
"330"," editors journal","A BANERJEE, E DUFLO",NA,NA,2014
"331","mit placement officer","B OLKEN, MB SHUSTER, E DUFLO, D DONALDSON, A BANERJEE","Public Policy, 2014",NA,2014
"332","financial capability poor are we missing mark","T ABDEL AZIZ, G BERG, M ABREU, V MENDES, D ACEMOGLU, S JOHNSON, ...","World Bank 10 (5), 151-204, 2013",NA,2013
"333","volume  november  issue ","JS HASTINGS, JM SHAPIRO, E DUFLO, M GREENSTONE, R PANDE, ...",NA,NA,2013
"334","turning shove into nudge labeled cash transfer for education najy benhassine florencidevoto","E DUFLO, P DUPAS, V POULIQUEN",NA,NA,2013
"335","report of editor americeconomic journal applied economics","E DUFLO","American Economic Review 103 (3), 719-22, 2013",NA,2013
"336","minutes of meeting of executive committee chicago il april  ","HROH HOTEL, JC AUERBACH, E DUFLO, R FERNANDEZ, A FINKELSTEIN, ...",NA,NA,2013
"337","poor economics rethinking poverty ways to end it","U QAYYUM","The Pakistan Development Review 52 (1), 89-91, 2013",NA,2013
"338","dp miracle of microfinance evidence from randomized evaluation","A BANERJEE, E DUFLO, R GLENNERSTER, C KINNAN",NA,NA,2013
"339","michael greenstone rohini pande nicholas ryoctober ","E DUFLO","The Quarterly Journal of Economics 1499 (1545), 1499, 2013",NA,2013
"340","do labor market policies have displacement effects evidence from clustered randomized experiment bruno crepon","E DUFLO, M GURGAND, R RATHELOT, P ZAMORA","The Quarterly Journal of Economics 531, 580, 2013",NA,2013
"341","impacts of schoolbased hiv education on reported behavior knowledge of adolescent girls evidence from cameroon","E DUFLO, P DUPAS, J SEBAN, E HUILLERY","Sciences Po publications, 2012",NA,2012
"342","dp do labor market policies have displacement effects evidence from clustered randomized experiment","B CRÉPON, E DUFLO, M GURGAND, R RATHELOT, P ZAMORA",NA,NA,2012
"343","marriage modern india does caste still matter for mate selection","M GHATAK, A BANERJEE, E DUFLO, J LAFORTUNE","South Asia@ LSE, 2012",NA,2012
"344","weac","P DUPAS, V SHARMA, G MAKANA, C NEKESA, E DUFLO","Journal of the International Aids Society 15, 2012",NA,2012
"345","repenser lpauvreté","M RAFFINOT","Politique étrangère 77 (3), 689-690, 2012",NA,2012
"346","repenser lpauvreté","A CHARPENTIER, D MEURS","Population (French Edition) 67 (4), 791-794, 2012",NA,2012
"347","education hivaids western kenya results from randomized trial assessing longterm biological behavioural impact of two schoolbased interventions","P DUPAS, V SHARMA, G MAKANA, C NEKESA, E DUFLO","JOURNAL OF THE INTERNATIONAL AIDS SOCIETY 15, 148-149, 2012",NA,2012
"348","report of editor americeconomic journal applied economics","E DUFLO","American Economic Review 102 (3), 672-75, 2012",NA,2012
"349","americeconomic association","O ASHENFELTER, A KRUEGER","The American Economic Review 102 (2), 617-642, 2012",NA,2012
"350","repenser lpauvreté","G ÉTIENNE","Revue Tiers Monde, 220-220, 2012",NA,2012
"351","estimating benefit to secondary school africa","E DUFLO, P DUPAS, M KREMER",NA,NA,2012
"352","dp on road access to transportation infrastructure economic growth china","A BANERJEE, E DUFLO, N QIAN",NA,NA,2012
"353","documento de trabajo","A BANERJEE, E DUFLO, M GHATAK, J LAFORTUNE","Santiago, 2012",NA,2012
"354","dp cinstitutions be reformed from within evidence from randomized experiment with rajasthpolice","A BANERJEE, R CHATTOPADHYAY, E DUFLO, D KENISTON, N SINGH",NA,NA,2012
"355","field actions science reports","P PAYER",NA,NA,2012
"356","les classes moyennes dans les pays émergents","M PEZZINI, AV BANERJEE, E DUFLO, C JUMA, JL ROCCA","Problèmes économiques (Paris), 5-43, 2012",NA,2012
"357","questce que lclasse moyenne dans les pays du sud journal of economic perspectives","AV BANERJEE, E DUFLO","Problemes Economiques, 10, 2012",NA,2012
"358","dp womens empowerment economic development","E DUFLO",NA,NA,2012
"359","dp diffusion of microfinance","A BANERJEE, AG CHANDRASEKHAR, E DUFLO, MO JACKSON",NA,NA,2012
"360","evolution of economic science macroeconomics growth development","D ACEMOGLU, P DIAMOND, E DUFLO, RE HALL, RM SOLOW","MIT150 Symposia Series, 2011",NA,2011
"361","開発経済学 development economics いまも 飢餓 に苦しむ多くの人たちを救うことはできるのでしょうか新しい経済学 へようこそnew economics 新しい経済学","A BANERJEE, E DUFLO","クーリエ・ジャポン 7 (12), 28-31, 2011",NA,2011
"362","end of hunger with reply","D RIEFF, CO GRADA, A BANERJEE, E DUFLO","Foreign Policy, 10-11, 2011",NA,2011
"363","big question paths out of wilderness how to sustaglobal economic recovery","E DUFLO, C ELTSCHINGER, M GORBIS, TA WISE, JK SUNDARAM, E ASMAH, ...","World Policy Journal 28 (1), 3-7, 2011",NA,2011
"364","dp happiness on tap piped water adoption urbmorocco","F DEVOTO, E DUFLO, P DUPAS, W PARIENTÉ, V PONS",NA,NA,2011
"365","happiness on tap piped water adoption urbmorocco","V PONS, F DEVOTO, E DUFLO, P DUPAS, W PARIENTÉ",NA,NA,2011
"366","comment on requiescat pace consequences of high priced funerals south africa","E DUFLO","Explorations in the Economics of Aging, 373-376, 2011",NA,2011
"367","accompagnement des jeunes diplômés demandeurs demploi par des opérateurs privés de placement les enseignements dune évaluation","E DUFLO, B CRÉPON, M GURGAND, R RATHELOT, P ZAMORA","Dares, 2011",NA,2011
"368"," rethinking fight against poverty","E DUFLO, C MONTIALOUX","Regards croisés sur l'économie, 59-62, 2011",NA,2011
"369","burton wn  butcher kf     butsch ws  caan b n  canning h n","M CARAHER, D CARD, A CARDEN, WS CARLOS POSTON, FJ CHALOUPKA, ...","Economic Aspects of Obesity, 385, 2011",NA,2011
"370","factors that influence farmers decisions to adopt soil water conservation practices its relationship to poverty microwatersheds guior guatemalocote tuma ","M CANO","CATIE, Turrialba (Costa Rica), 2011",NA,2011
"371","calis jcj  campbell jy  case a   n n cattell rb ","H AARON, JT ABALUCK, JH ABBRING, J AMERIKS, C AZZI, PB BACH, LC BAKER, ...","Explorations in the Economics of Aging, 381, 2011",NA,2011
"372","on road","A BANERJEE, E DUFLO, N QIAN",NA,NA,2010
"373","front matter john pencavel distinguished fellowpp ivi","EG MENDOZA, A MIAN, A SUFI, F TREBBI, MA MUENDLER, SO BECKER, ...","American Economic Review 100 (5), 2010",NA,2010
"374","mohamed kamal professor of public policy phone  email rohinipande harvard edu faculty url httpwww hks harvard eduaboutfacultystaffdirectoryrohini ","R PANDE","Annual Review of Economics 3, 215-237, 2010",NA,2010
"375","entretien sortir de lpauvreté au xxi e siècle","E DUFLO, J ATTALI, MC BARBÉ-CONTI","Revue des Deux Mondes, 33-42, 2010",NA,2010
"376","evaluation des politiques de développement","E DUFLO","UVT médiatheque, 2010",NA,2010
"377","savoirs contre pauvreté","E DUFLO","L’annuaire du Collège de France. Cours et travaux, 945-963, 2010",NA,2010
"378","dp giving credit where it is due","A BANERJEE, E DUFLO",NA,NA,2010
"379","évaluation des politiques de développement regards croisés scientifiques et acteurs de terrain","E DUFLO","La lettre du Collège de France, 27, 2009",NA,2009
"380","dp nudging farmers to utilize fertilizer theory experimental evidence from kenya","E DUFLO, M KREMER, J ROBINSON",NA,NA,2009
"381","chair knowledge against povertyacademic year ","E DUFLO","La lettre du Collège de France, 18, 2009",NA,2009
"382","dp marry for what caste mate selection modern india","A BANERJEE, E DUFLO, M GHATAK, J LAFORTUNE",NA,NA,2009
"383","essays on contract theory organizational economics","R KE","Massachusetts Institute of Technology, 2009",NA,2009
"384","case  remedial education india","E DUFLO, L LINDEN",NA,NA,2009
"385","essays economics of education program evaluation","H ZHANG","Massachusetts Institute of Technology, 2009",NA,2009
"386","bilanessaiexperimental approach to development economics","AV BANERJEE, E DUFLO","Revue d'Economie Politique, 691, 2009",NA,2009
"387","empirical essays on finance development","JP SHAPIRO","Massachusetts Institute of Technology, 2009",NA,2009
"388"," challenge of world poverty fall ","D DONALDSON, E DUFLO",NA,NA,2009
"389","cpolitical affirmative action for women reduce gender bias","L BEAMAN, R CHATTOPADHYAY, E DUFLO, R PANDE, P TOPALOVA","Vox, 2009",NA,2009
"390","dp peer effects teacher incentives impact of tracking evidence from randomized evaluation kenya","E DUFLO, P DUPAS, M KREMER",NA,NA,2008
"391","dp experimental approach to development economics","A BANERJEE, E DUFLO",NA,NA,2008
"392","powerful women does exposure reduce bias","R CHATTOPADYAY, E DUFLO, R PANDE, P TOPALOVA","CID Working Papers, 2008",NA,2008
"393","dp powerful women does exposure reduce bias","L BEAMAN, R CHATTOPADHYAY, E DUFLO, R PANDE, P TOPALOVA",NA,NA,2008
"394","dp pitfalls of participatory programs evidence from randomized evaluation education india","A BANERJEE, R BANERJI, E DUFLO, R GLENNERSTER, S KHEMANI",NA,NA,2008
"395","dp monitoring works getting teachers to come to school","E DUFLO, R HANNA, S RYAN",NA,NA,2008
"396","workers remittances important stable source of external development finance","D E. ADENUTSI, CRK AHORTOR, P ACOSTA, C CALDERON, P FAJNZYLBER, H LOPEZ, ...","Journal of Applied Sciences 10 (4), pp: 45-71-pp: 45-71, 2008",NA,2008
"397","sapi en s","E DUFLO, M GREENSTONE, R HANNA",NA,NA,2008
"398","proceedings of twentysecond annual congress of europeeconomic association august   budapest hungary","G CORSETTI, EUROPEAN ECONOMIC ASSOCIATION","Cambridge: MIT Press, 2008 6, 255-726, 2008",NA,2008
"399","how to spend  billion to make world better place","A BANERJEE, A DEATON, E DUFLO","Journal of Economic Literature 45 (4), 1044-1049, 2007",NA,2007
"400","dp what is middle class about middle classes around world","A BANERJEE, E DUFLO",NA,NA,2007
"401","impact evaluation of prathams learning to read reading to learn interventions","A BANERJEE, R BANERJI, M CHAVAN, E DUFLO, M WALTON",NA,NA,2007
"402","udaipur health study","A BANERJEE, A DEATON, E DUFLO",NA,NA,2007
"403","balsakhi","A BANERJEE, S COLE, E DUFLO, L LINDEN",NA,NA,2007
"404","remedying education evidence from two randomized experiments india abhijit v banerjee shawn cole","E DUFLO, L LINDEN","Technology 1235, 2007",NA,2007
"405","dams esther duflo rohini pande","E DUFLO","Technology 601, 2007",NA,2007
"406","dp long run impacts of income shocks wine phylloxerth century france","A BANERJEE, E DUFLO, G POSTEL-VINAY, T WATTS",NA,NA,2007
"407","consumption remittances migrant households toward productive use of remittances","CRK AHORTOR, DE ADENUTSI, PA ACOSTA, EKK LARTEY, FS MANDELMAN, ...","Journal of Applied Sciences 9 (18), 155-173, 2007",NA,2007
"408","dp using randomization development economics research toolkit","E DUFLO, R GLENNERSTER, M KREMER",NA,NA,2007
"409","dp economic lives of poor","A BANERJEE, E DUFLO",NA,NA,2006
"410","dp remedying education evidence from two randomized experiments india","A BANERJEE, S COLE, E DUFLO, L LINDEN",NA,NA,2006
"411","relative risks market for sex teenagers sugar daddies hiv kenya draft","P DUPAS","[Unpublished] 2006 Aug., 2006",NA,2006
"412","economic lives of poor development economics public policy","A BANERJEE, E DUFLO","DISCUSSION PAPER SERIES-CENTRE FOR ECONOMIC POLICY RESEARCH LONDON 5968, 2006",NA,2006
"413","bread policy paper","E DUFLO",NA,NA,2005
"414","dp monitoring works getting teachers to come to school","E DUFLO, R HANNA",NA,NA,2005
"415"," massachusetts avenue cambridge m october ","E DUFLO, R PANDE",NA,NA,2005
"416","dp dams","E DUFLO, R PANDE",NA,NA,2005
"417","dp saving incentives for lowmiddleincome families evidence from field experiment with hr block","E DUFLO, W GALE, J LIEBMAN, P ORSZAG, E SAEZ",NA,NA,2005
"418","understanding technology adoption fertilizer western kenypreliminary results from field experiments extremely preliminary incomplete september  ","E DUFLO, M KREMER, J ROBINSON",NA,NA,2005
"419","taxmcometh","J KOUNOUWEWA, D CHAO, R ALMEIDA, P CARNEIRO, E ARYEETEY, E ARYEETEY, ...","The International Journal of Applied Economics and Finance 5 (1), 1211-1221, 2005",NA,2005
"420","assessing impact of development aid programs role of randomized evaluations","E DUFLO","Revue d’économie du développement 13 (2), 185-226, 2005",NA,2005
"421"," foundations of development policy syllabus","E DUFLO, A BANERJEE",NA,NA,2005
"422","abel a n adams m   adams peter n   agarwala sn n","C AI, JG ALTONJI, J AMERIKS, GF ANDERSON, T ANDERSON, O ATTANASIO, ...","Analyses in the economics of aging 1000, 417, 2005",NA,2005
"423","dp do firms want to borrow more testing credit constraints using directed lending program","A BANERJEE, E DUFLO",NA,NA,2004
"424","essays development economics","D CHEN","Massachusetts Institute of Technology, 2004",NA,2004
"425"," foundations of development policy spring ","E DUFLO, A BANERJEE",NA,NA,2004
"426","postwashington consensus task force report","E DUFLO",NA,NA,2003
"427","distribution development new look at developing world","E DUFLO","Journal of Economic Literature 41 (3), 937, 2003",NA,2003
"428","economics","E DUFLO","Finance & Development, 4, 2003",NA,2003
"429"," political economy of institutions development","D ACEMOGLU, A BANERJEE, E DUFLO",NA,NA,2003
"430","bureau for research economic analysis of development","E DUFLO, R CHATTOPADHYAY",NA,NA,2003
"431","women as policy makers evidence from indiawide randomized policy experiment revised","R CHATTOPADHYAY, E DUFLO","Cambridge Massachusetts Massachusetts Institute of Technology [MIT] Poverty …, 2003",NA,2003
"432","development economics fall ","E DUFLO, A BANERJEE, M KREMER","Development, 2002",NA,2002
"433","controlling costs of hivaids managementunique management software to empower organisations to formulate implement strategies best suited for their specific requirements","B VAN NIEKERK, N DU PREEZ, B KATZ","[Unpublished] 2002. Prepared for the IAEN Economics of HIV/AIDS in …, 2002",NA,2002
"434"," development economics microeconomic issues policy models fall ","E DUFLO, A BANERJEE, M KREMER",NA,NA,2002
"435","americeconomic association","E DUFLO","The American Economic Review 91 (4), 795-813, 2001",NA,2001
"436","economics of school quality investments developing countries empirical study of ghana","E DUFLO","Journal of Economic Literature 39 (3), 927, 2001",NA,2001
"437","boston university institute for economic development discussion paper","E DUFLO","Policy 2001, 24, 2001",NA,2001
"438","health services regional management project mission report for march  to   proposed decentralization of healthcare system morocco","T BOSSERT","[Rabat Morocco] John Snow [JSI] 2001 Jun 28., 2001",NA,2001
"439","economics of school quality investments developing countries empirical study of ghana","J HODDINOTT","The Economic Journal 111 (469), 136-136, 2001",NA,2001
"440","glewwe paul with contributions by jaikishdesai dejolliffe raylynn oliver wim vijberger economics of school quality investments developing countries an ","E DUFLO","JOURNAL OF ECONOMIC LITERATURE 39 (3), 927-927, 2001",NA,2001
"441","impact of agricultural extension services case of grape production argentina","M GHORBANI, JM ALSTON, MC MARRA, PG PARDEY, TJ WYATT, D BIRKHAEUSER, ...","Journal of Applied Sciences 8 (20), 185-215, 2000",NA,2000
"442","dani rodrik past present future of economic growth global citizens foundation working paper   lant pritchett divergence big time journal of economic ","A BANERJEE, E DUFLO, I MORRIS, A DEATON","Journal of Economic Perspectives 11, 3, 1997",NA,1997
"443","industrial restructuring russia early reactions of firms to shock of liberalization","C SENIK, E DUFLO","DELTA (Ecole normale supérieure), 1995",NA,1995
"444","remittances poverty nexus evidence from pakistan","D EMILSON ADENUTSI, RH ADAMS JR, RH ADAMS JR, RH ADAMS JR, J PAGE, ...","The International Journal of Applied Economics and Finance 4 (1), 1645-1669, 1991",NA,1991
"445","alleviating poverty with experimental research  nobel laureates","M KREMER, C SNYDER, F MASHWAMA, S BAIRD, J HICKS, E MIGUEL, ...",NA,NA,NA
"446","police performance public perception rajasthan india","A BANERJEE, D KENISTON, E DUFLO, R CHATTOPADHYAY",NA,NA,NA
"447","esther duflo  john bates clark medalist","E DUFLO",NA,NA,NA
"448","poor economics radical rethinking of way to fight global poverty","AV BANERJEE, E DUFLO",NA,NA,NA
"449","voter bias women politics evidence from french parliamentary elections","M BAGUES, P CAMPA, B ESTEVE-VOLART, E DUFLO, P TOPALOVA, ...",NA,NA,NA
"450","taxonomy reading","AV BANERJEE, A GARFINKEL, AR FIGUEROA, AI GOLDMAN, A FAGNANT, ...",NA,NA,NA
"451","electoral gender quotas fail to empower women","M BAGUES, B ESTEVE-VOLART, E DUFLO, P TOPALOVA, R CHATTOPADHYAY, ...",NA,NA,NA
"452","online appendix for doubledebiasedneymmachine learning of treatment effects","V CHERNOZHUKOV, D CHETVERIKOV, M DEMIRER, E DUFLO, C HANSEN, ...",NA,NA,NA
"453","job ladders earnings of displaced workers","M CORTES, N JAIMOVICH, C NEKARDA, H SIU, J MEER, J WEST, B CRÉPON, ...",NA,NA,NA
"454","fixedterm contracts hurt lowskilled workers long run","J DOLADO, B CRÉPON, E DUFLO, M GURGAND, R RATHELOT, P ZAMORA",NA,NA,NA
"455","frances weak economic performance sick of taxation","B CRÉPON, E DUFLO, M GURGAND, R RATHELOT, P ZAMORA, J VAN REENEN, ...",NA,NA,NA
"456","permuted title index","WB GRAY, KK CHARLES, C MAIGNAN, ME PAGE, S GIRMA, R KNELLER, ...",NA,NA,NA
"457","permuted title index","PA GROUT, GJ BORJAS, P VERMEULEN, C HOLTHAUSEN, M MANDLER, P BOFINGER, ...",NA,NA,NA
"458","permuted title index","TH KIM, AM VOUSTEN-SWEERE, G CHARNESS, A CUXART JARDI, O AMAT, ...",NA,NA,NA
"459","aux urnes précariat","AV BANERJEE, E DUFLO",NA,NA,NA
"460","americeconomic journal","A GALEOTTI, BW ROGERS, A BANERJEE, E DUFLO, M GHATAK, ...",NA,NA,NA
"461","economic policy a","M AKBULUT-YUKSEL, M YUKSEL, N BENHASSINE, F DEVOTO, ...",NA,NA,NA
"462","index by author to volume ","FZ AHMED, E WERKER, KB ANDERSON, E DURBIN, A MICHAEL, AV BANERJEE, ...",NA,NA,NA
"463","index by author to volume ","H DAVID, MG DUGGAN, A BANERJEE, E DUFLO, RJ BARRO, RM MCCLEARY, G BEL, ...",NA,NA,NA
"464","bernard hoekman francis ng marcelo olarreaga","NH BLUNCH, D VERNER, PA MESSERLIN, D BHATTASALI, L SHANTONG, W MARTIN, ...",NA,NA,NA
"465","mit dept of economics working papers series research teaching output of mit community","D ACEMOGLU, M MOSTAGIR, A OZDAGLAR, D LAIBSON, JA LIST, AV BANERJEE, ...",NA,NA,NA
"466","justine s hastings jesse m shapiro fungibility consumer choice evidence from commodity price shocks ","E DUFLO, M GREENSTONE, R PANDE, N RYAN, I BEN-DAVID, ...",NA,NA,NA
"467","moroccopoverty social impact analysis of national slum upgrading program","A BANERJEE, E DUFLO, R BANERJI, R GLENNERSTER, S KHEMANI","The World Bank, 0",NA,NA
"468","armeniathird social investment fund project","A BANERJEE, E DUFLO, R BANERJI, R GLENNERSTER, S KHEMANI","The World Bank, 0",NA,NA
"469","ecuadoragricultural competitiveness sustainable rural development project","A BANERJEE, E DUFLO, R BANERJI, R GLENNERSTER, S KHEMANI","The World Bank, 0",NA,NA
"470","st luciapilot for organization of eastern caribbestates oecs skills enhancement for inclusive growth project","A BANERJEE, E DUFLO, R BANERJI, R GLENNERSTER, S KHEMANI","The World Bank, 0",NA,NA
"471"," paternalism against freedom le devoir du patron white mans burden","E DUFLO",NA,NA,NA
"472","economíde lpobreza repensando lluchcontrlpobrezglobal","AV BANERJEE, E DUFLO",NA,NA,NA
"473","index by author to volume ","D ACEMOGLU, JC AKER, IM MBITI, JD ANGRIST, JS PISCHKE, AJ AUERBACH, ...",NA,NA,NA
"474","response to allparty parliamentary group on microfinance call for written evidence","WAW LEARNING, A BANERJEE, E DUFLO, R GLENNERSTER, C KINNAN",NA,NA,NA
"475","jpal datasets research teaching output of mit community","R CHATTOPADHYAY, E DUFLO, A BANERJEE, A DEATON, R HANNA, S COLE, ...",NA,NA,NA
"476","volume  may  issue ","A ALESINA, P GIULIANO, N NUNN, B CRÉPON, E DUFLO, M GURGAND, ...",NA,NA,NA
"477","economics archived research teaching output of mit community","J ANGRIST, C WALTERS, J HAUSMAN, V CHERNOZHUKOV, P DIAMOND, G ELLISON",NA,NA,NA
"478","browsing center for energy environmental policy research by title research teaching output of mit community","RS PINDYCK, J CURRIE, M GREENSTONE, E MORETTI, MA ADELMAN, ER BERNDT, ...",NA,NA,NA
"479","alberto alesina paolgiuliano nathnunn","B CRÉ, E DUFLO, M GURGAND, R RATHELOT, P ZAMORA, SJ DAVIS, ...",NA,NA,NA
"480","andornized evaluations of interventions","E DUFLO, R GLENNERSTER, M KREMER",NA,NA,NA
"481","economics population","AV BANERJEE, E DUFLO, S PARIS, M MARUANI, M MERON, ...",NA,NA,NA
"482","paper prepared for afd conference november  paris","E DUFLO",NA,NA,NA
"483","improving police effectiveness rajasthexperiment","A BANERJEE, E DUFLO, D KENISTON, N SINGH",NA,NA,NA
"484","why dont farmers use fertilizers  evidence from field experiments western keny preliminary incomplete  april   ","E DUFLO, M KREMER, J ROBINSON",NA,NA,NA
"485","index by author to volume ","S ANDERSON, M BAKER, J WURGLER, AV BANERJEE, E DUFLO, E BASKER, ...",NA,NA,NA
"486","ii acknowledgement to referees ","R COOKSON, J COVEY, B CROXSON, J CULLIS, J CURRIE, B DAVIES, A DEATON, ...",NA,NA,NA
"487","bibliographical note","P ANGELELLI, SE ANTHONY, K BASU, C BELL, E BETTINGER, R BRUHNS, ...",NA,NA,NA
"488","brumberg r  n","C AI, JG ALTONJI, J AMERIKS, GF ANDERSON, T ANDERSON, O ATTANASIO, ...","Gan 51 (11), 381n2-408, 0",NA,NA
"489","cpolitical affirmative action for women reduce gender bias","E DUFLO, P TOPALOVA, R CHATTOPADHYAY, R PANDE, L BEAMAN",NA,NA,NA
"490","aids prevention abstinence vs risk reduction","E DUFLO",NA,NA,NA
"491","permuted title index","AN BERGER, G CALZOLARI, G BRUNELLO, J CURRIE, SB CARPENTER, R BENABOU, ...",NA,NA,NA
